id;name;image
5igbz6Y8hEfluyhUy3Zp;Meat & Fish;https://firebasestorage.googleapis.com/v0/b/groceries-store-ad0eb.appspot.com/o/Category%2Fmeat.jpg?alt=media&token=f334a951-dca4-45f3-84fd-ab12c98a2e55
Qm1RuIY0EIns71X0d6J1;Fruits & Vegetables;https://firebasestorage.googleapis.com/v0/b/groceries-store-ad0eb.appspot.com/o/Category%2Fvegetables.jpg?alt=media&token=c66d5bac-2536-4a82-8efd-73f425494dd3
nH7sIp3ycmlTHIFE5wWD;Beverages;https://firebasestorage.googleapis.com/v0/b/groceries-store-ad0eb.appspot.com/o/Category%2Fbeverages.jpg?alt=media&token=a0c920e1-0637-43ff-9997-4269454b8663
zJ4Cy7BZm07CdVckFVHS;Cereals;https://firebasestorage.googleapis.com/v0/b/groceries-store-ad0eb.appspot.com/o/Category%2Fcereals.jpg?alt=media&token=622349ce-d2e1-4c2e-84d7-63d2cce410d9
